city,forecast_date,temp_max,temp_min,precipitation,wind_speed,condition
Lagos,2026-09-29,26.9,24.7,13.6,15.5,Thunderstorm ⛈️
Lagos,2026-09-30,28.4,24.6,0.5,15.7,Light Drizzle 🌦️
Lagos,2026-10-01,28.1,24.4,2.1,17.6,Moderate Drizzle 🌦️
Lagos,2026-10-02,28.5,24.0,0.8,14.3,Light Drizzle 🌦️
Lagos,2026-10-03,28.7,24.4,3.7,12.4,Moderate Drizzle 🌦️
Lagos,2026-10-04,27.9,24.5,23.0,16.5,Moderate Showers 🌧️
Lagos,2026-10-05,26.6,24.0,10.2,13.4,Moderate Drizzle 🌦️
Abuja,2026-09-29,25.7,21.6,16.5,6.9,Thunderstorm ⛈️
Abuja,2026-09-30,27.7,21.6,10.0,8.8,Slight Showers 🌦️
Abuja,2026-10-01,28.1,21.1,7.6,12.9,Moderate Showers 🌧️
Abuja,2026-10-02,27.8,20.9,7.3,10.9,Thunderstorm ⛈️
Abuja,2026-10-03,28.3,21.7,6.8,5.9,Dense Drizzle 🌧️
Abuja,2026-10-04,27.6,21.3,11.5,10.6,Slight Showers 🌦️
Abuja,2026-10-05,29.0,20.9,6.0,7.5,Dense Drizzle 🌧️
Kano,2026-09-29,30.7,21.7,15.4,12.9,Thunderstorm ⛈️
Kano,2026-09-30,30.0,22.4,7.3,10.9,Thunderstorm ⛈️
Kano,2026-10-01,31.2,21.5,5.1,12.1,Unknown 🌡️
Kano,2026-10-02,30.9,22.1,0.1,12.1,Light Drizzle 🌦️
Kano,2026-10-03,31.1,22.8,1.5,12.6,Thunderstorm ⛈️
Kano,2026-10-04,31.2,22.4,6.0,10.7,Slight Showers 🌦️
Kano,2026-10-05,31.3,21.5,1.2,9.5,Light Drizzle 🌦️
Port Harcourt,2026-09-29,28.4,22.8,16.2,15.1,Thunderstorm ⛈️
Port Harcourt,2026-09-30,32.3,22.9,1.0,14.9,Light Drizzle 🌦️
Port Harcourt,2026-10-01,31.4,24.7,3.9,13.1,Slight Showers 🌦️
Port Harcourt,2026-10-02,30.3,23.8,9.3,12.1,Moderate Showers 🌧️
Port Harcourt,2026-10-03,30.5,24.1,8.5,10.2,Slight Showers 🌦️
Port Harcourt,2026-10-04,27.8,24.1,6.2,12.4,Dense Drizzle 🌧️
Port Harcourt,2026-10-05,29.7,23.3,14.2,7.5,Slight Showers 🌦️
Ibadan,2026-09-29,26.0,23.0,15.5,11.9,Moderate Showers 🌧️
Ibadan,2026-09-30,29.6,22.1,1.6,14.4,Light Drizzle 🌦️
Ibadan,2026-10-01,29.5,23.1,1.3,14.2,Light Drizzle 🌦️
Ibadan,2026-10-02,28.6,22.9,0.2,10.2,Light Drizzle 🌦️
Ibadan,2026-10-03,29.2,23.0,10.8,5.4,Thunderstorm ⛈️
Ibadan,2026-10-04,27.8,23.4,11.4,10.0,Slight Showers 🌦️
Ibadan,2026-10-05,26.4,22.6,12.6,9.9,Moderate Drizzle 🌦️
Enugu,2026-09-29,27.6,22.8,12.1,8.7,Slight Showers 🌦️
Enugu,2026-09-30,31.0,22.6,1.7,11.6,Light Drizzle 🌦️
Enugu,2026-10-01,29.7,22.6,17.1,11.8,Thunderstorm ⛈️
Enugu,2026-10-02,30.0,23.4,7.0,12.4,Moderate Showers 🌧️
Enugu,2026-10-03,30.4,22.7,14.2,5.6,Moderate Showers 🌧️
Enugu,2026-10-04,28.0,22.4,21.0,10.4,Moderate Showers 🌧️
Enugu,2026-10-05,29.7,22.0,17.6,6.3,Dense Drizzle 🌧️
Kaduna,2026-09-29,28.1,20.3,12.4,14.5,Thunderstorm ⛈️
Kaduna,2026-09-30,28.5,21.0,10.2,12.0,Thunderstorm ⛈️
Kaduna,2026-10-01,28.1,20.8,5.2,11.0,Slight Showers 🌦️
Kaduna,2026-10-02,27.9,21.0,4.6,10.2,Thunderstorm ⛈️
Kaduna,2026-10-03,29.6,20.8,8.1,11.8,Slight Showers 🌦️
Kaduna,2026-10-04,29.8,21.2,12.6,6.7,Thunderstorm ⛈️
Kaduna,2026-10-05,29.5,20.6,9.6,9.9,Thunderstorm ⛈️
Benin City,2026-09-29,27.3,22.7,11.1,14.3,Slight Showers 🌦️
Benin City,2026-09-30,30.5,23.3,2.7,12.9,Moderate Drizzle 🌦️
Benin City,2026-10-01,30.2,23.2,3.5,12.7,Dense Drizzle 🌧️
Benin City,2026-10-02,30.7,23.3,3.3,11.7,Slight Showers 🌦️
Benin City,2026-10-03,30.3,23.9,12.4,7.9,Thunderstorm ⛈️
Benin City,2026-10-04,26.0,23.8,22.4,9.4,Slight Showers 🌦️
Benin City,2026-10-05,29.1,23.2,17.2,9.4,Thunderstorm ⛈️
Jos,2026-09-29,25.1,17.6,8.2,14.5,Moderate Showers 🌧️
Jos,2026-09-30,25.0,17.6,18.2,13.5,Thunderstorm ⛈️
Jos,2026-10-01,27.3,17.8,3.8,10.0,Dense Drizzle 🌧️
Jos,2026-10-02,26.4,17.2,7.1,12.4,Thunderstorm ⛈️
Jos,2026-10-03,25.7,17.5,1.6,15.0,Light Drizzle 🌦️
Jos,2026-10-04,26.3,18.2,1.7,15.9,Light Drizzle 🌦️
Jos,2026-10-05,24.0,17.9,3.4,15.4,Light Drizzle 🌦️
Maiduguri,2026-09-29,30.2,23.2,5.1,15.9,Moderate Showers 🌧️
Maiduguri,2026-09-30,31.7,23.1,0.4,11.5,Light Drizzle 🌦️
Maiduguri,2026-10-01,33.3,24.0,0.0,14.2,Overcast ☁️
Maiduguri,2026-10-02,32.4,24.6,1.0,14.9,Light Drizzle 🌦️
Maiduguri,2026-10-03,31.9,23.4,3.6,12.9,Thunderstorm ⛈️
Maiduguri,2026-10-04,31.4,23.4,1.8,11.6,Thunderstorm ⛈️
Maiduguri,2026-10-05,31.8,23.7,4.2,12.0,Thunderstorm ⛈️
Uyo,2026-09-29,27.4,22.5,13.6,12.9,Moderate Showers 🌧️
Uyo,2026-09-30,31.4,22.5,0.9,17.4,Light Drizzle 🌦️
Uyo,2026-10-01,30.1,23.9,6.5,10.3,Slight Showers 🌦️
Uyo,2026-10-02,29.2,23.4,3.6,10.2,Moderate Drizzle 🌦️
Uyo,2026-10-03,28.9,23.5,0.6,15.9,Light Drizzle 🌦️
Uyo,2026-10-04,28.9,23.7,5.4,12.1,Moderate Drizzle 🌦️
Uyo,2026-10-05,29.7,22.9,16.6,11.4,Slight Showers 🌦️
