city,date,time,temperature,humidity,wind_speed,precipitation,condition
Lagos,2026-10-10,12:11,29.1,74,11.1,0.1,Light Drizzle 🌦️
Abuja,2026-10-10,12:11,29.9,67,2.0,0.0,Overcast ☁️
Kano,2026-10-10,12:11,35.6,33,8.5,0.0,Overcast ☁️
Port Harcourt,2026-10-10,12:11,31.8,65,1.9,0.0,Partly Cloudy ⛅
Ibadan,2026-10-10,12:11,29.6,69,2.7,0.0,Partly Cloudy ⛅
Enugu,2026-10-10,12:11,31.1,61,5.0,0.0,Overcast ☁️
Kaduna,2026-10-10,12:11,31.4,56,3.2,0.0,Partly Cloudy ⛅
Benin City,2026-10-10,12:11,30.9,68,5.2,0.0,Partly Cloudy ⛅
Jos,2026-10-10,12:11,27.2,45,19.4,0.0,Mainly Clear 🌤️
Maiduguri,2026-10-10,12:11,35.7,29,8.3,0.0,Overcast ☁️
Uyo,2026-10-10,12:11,31.6,62,4.7,0.0,Overcast ☁️
